key,level
ASM,country
AND,country
ATG,country
ABW,country
BHS,country
BRB,country
BLZ,country
BMU,country
BTN,country
VGB,country
BRN,country
CPV,country
CYM,country
COM,country
CUW,country
DJI,country
DMA,country
FRO,country
FJI,country
PYF,country
GIB,country
GRL,country
GRD,country
GUM,country
GUY,country
IMN,country
KIR,country
MAC,country
MDV,country
MHL,country
FSM,country
MCO,country
NRU,country
NCL,country
MNP,country
PLW,country
MAF,country
KNA,country
LCA,country
VCT,country
WSM,country
SMR,country
STP,country
SYC,country
SXM,country
SLB,country
SUR,country
TON,country
TCA,country
TUV,country
VUT,country
VIR,country
DZA1,gadm1
DZA2,gadm1
DZA3,gadm1
DZA4,gadm1
DZA5,gadm1
DZA6,gadm1
DZA7,gadm1
DZA8,gadm1
DZA9,gadm1
DZA10,gadm1
DZA11,gadm1
DZA12,gadm1
DZA13,gadm1
DZA14,gadm1
DZA15,gadm1
DZA16,gadm1
DZA17,gadm1
DZA18,gadm1
DZA19,gadm1
DZA20,gadm1
DZA21,gadm1
DZA22,gadm1
DZA23,gadm1
DZA24,gadm1
DZA25,gadm1
DZA26,gadm1
DZA27,gadm1
DZA28,gadm1
DZA29,gadm1
DZA30,gadm1
DZA31,gadm1
DZA32,gadm1
DZA33,gadm1
DZA34,gadm1
DZA35,gadm1
DZA36,gadm1
DZA37,gadm1
DZA38,gadm1
DZA39,gadm1
DZA40,gadm1
DZA41,gadm1
DZA42,gadm1
DZA43,gadm1
DZA44,gadm1
DZA45,gadm1
DZA46,gadm1
DZA47,gadm1
DZA48,gadm1
AGO1,gadm1
AGO2,gadm1
AGO3,gadm1
AGO4,gadm1
AGO5,gadm1
AGO6,gadm1
AGO7,gadm1
AGO8,gadm1
AGO9,gadm1
AGO10,gadm1
AGO11,gadm1
AGO12,gadm1
AGO13,gadm1
AGO14,gadm1
AGO15,gadm1
AGO16,gadm1
AGO17,gadm1
AGO18,gadm1
ARG1,gadm1
ARG2,gadm1
ARG3,gadm1
ARG4,gadm1
ARG5,gadm1
ARG6,gadm1
ARG7,gadm1
ARG8,gadm1
ARG9,gadm1
ARG10,gadm1
ARG11,gadm1
ARG12,gadm1
ARG13,gadm1
ARG14,gadm1
ARG15,gadm1
ARG16,gadm1
ARG17,gadm1
ARG18,gadm1
ARG19,gadm1
ARG20,gadm1
ARG21,gadm1
ARG22,gadm1
ARG23,gadm1
ARG24,gadm1
ARM1,gadm1
ARM2,gadm1
ARM3,gadm1
ARM4,gadm1
ARM5,gadm1
ARM6,gadm1
ARM7,gadm1
ARM8,gadm1
ARM9,gadm1
ARM10,gadm1
ARM11,gadm1
AUS2,gadm1
AUS4,gadm1
AUS5,gadm1
AUS6,gadm1
AUS7,gadm1
AUS8,gadm1
AUS9,gadm1
AUS10,gadm1
AUS11,gadm1
AZE1,gadm1
AZE2,gadm1
AZE3,gadm1
AZE4,gadm1
AZE5,gadm1
AZE6,gadm1
AZE7,gadm1
AZE8,gadm1
AZE9,gadm1
AZE10,gadm1
BHR1,gadm1
BHR2,gadm1
BHR3,gadm1
BHR4,gadm1
BHR5,gadm1
BGD1,gadm1
BGD2,gadm1
BGD3,gadm1
BGD4,gadm1
BGD5,gadm1
BGD6,gadm1
BGD7,gadm1
BLR1,gadm1
BLR2,gadm1
BLR3,gadm1
BLR4,gadm1
BLR5,gadm1
BLR6,gadm1
BEN1,gadm1
BEN2,gadm1
BEN3,gadm1
BEN4,gadm1
BEN5,gadm1
BEN6,gadm1
BEN7,gadm1
BEN8,gadm1
BEN9,gadm1
BEN10,gadm1
BEN11,gadm1
BEN12,gadm1
BOL1,gadm1
BOL2,gadm1
BOL3,gadm1
BOL4,gadm1
BOL5,gadm1
BOL6,gadm1
BOL7,gadm1
BOL8,gadm1
BOL9,gadm1
BIH1,gadm1
BIH2,gadm1
BIH3,gadm1
BWA1,gadm1
BWA2,gadm1
BWA3,gadm1
BWA4,gadm1
BWA5,gadm1
BWA6,gadm1
BWA7,gadm1
BWA8,gadm1
BWA9,gadm1
BWA10,gadm1
BWA11,gadm1
BWA12,gadm1
BWA13,gadm1
BWA14,gadm1
BWA15,gadm1
BWA16,gadm1
BRA1,gadm1
BRA2,gadm1
BRA3,gadm1
BRA4,gadm1
BRA5,gadm1
BRA6,gadm1
BRA7,gadm1
BRA8,gadm1
BRA9,gadm1
BRA10,gadm1
BRA11,gadm1
BRA12,gadm1
BRA13,gadm1
BRA14,gadm1
BRA15,gadm1
BRA16,gadm1
BRA17,gadm1
BRA18,gadm1
BRA19,gadm1
BRA20,gadm1
BRA21,gadm1
BRA22,gadm1
BRA23,gadm1
BRA24,gadm1
BRA25,gadm1
BRA26,gadm1
BRA27,gadm1
BFA1,gadm1
BFA2,gadm1
BFA3,gadm1
BFA4,gadm1
BFA5,gadm1
BFA6,gadm1
BFA7,gadm1
BFA8,gadm1
BFA9,gadm1
BFA10,gadm1
BFA11,gadm1
BFA12,gadm1
BFA13,gadm1
BDI1,gadm1
BDI2,gadm1
BDI3,gadm1
BDI4,gadm1
BDI5,gadm1
BDI6,gadm1
BDI7,gadm1
BDI8,gadm1
BDI9,gadm1
BDI10,gadm1
BDI11,gadm1
BDI12,gadm1
BDI13,gadm1
BDI14,gadm1
BDI15,gadm1
BDI16,gadm1
BDI17,gadm1
KHM1,gadm1
KHM2,gadm1
KHM3,gadm1
KHM4,gadm1
KHM5,gadm1
KHM6,gadm1
KHM7,gadm1
KHM8,gadm1
KHM9,gadm1
KHM10,gadm1
KHM11,gadm1
KHM12,gadm1
KHM13,gadm1
KHM14,gadm1
KHM15,gadm1
KHM16,gadm1
KHM17,gadm1
KHM18,gadm1
KHM19,gadm1
KHM20,gadm1
KHM21,gadm1
KHM22,gadm1
KHM23,gadm1
KHM24,gadm1
KHM25,gadm1
CMR1,gadm1
CMR2,gadm1
CMR3,gadm1
CMR4,gadm1
CMR5,gadm1
CMR6,gadm1
CMR7,gadm1
CMR8,gadm1
CMR9,gadm1
CMR10,gadm1
CAN1,gadm1
CAN2,gadm1
CAN3,gadm1
CAN4,gadm1
CAN5,gadm1
CAN6,gadm1
CAN7,gadm1
CAN8,gadm1
CAN9,gadm1
CAN10,gadm1
CAN11,gadm1
CAN12,gadm1
CAN13,gadm1
CAF1,gadm1
CAF2,gadm1
CAF3,gadm1
CAF4,gadm1
CAF5,gadm1
CAF6,gadm1
CAF7,gadm1
CAF8,gadm1
CAF9,gadm1
CAF10,gadm1
CAF11,gadm1
CAF12,gadm1
CAF13,gadm1
CAF14,gadm1
CAF15,gadm1
CAF16,gadm1
CAF17,gadm1
TCD1,gadm1
TCD2,gadm1
TCD3,gadm1
TCD4,gadm1
TCD5,gadm1
TCD6,gadm1
TCD7,gadm1
TCD8,gadm1
TCD9,gadm1
TCD10,gadm1
TCD11,gadm1
TCD12,gadm1
TCD13,gadm1
TCD14,gadm1
TCD15,gadm1
TCD16,gadm1
TCD17,gadm1
TCD18,gadm1
TCD19,gadm1
TCD20,gadm1
TCD21,gadm1
TCD22,gadm1
TCD23,gadm1
CHL1,gadm1
CHL2,gadm1
CHL3,gadm1
CHL4,gadm1
CHL5,gadm1
CHL6,gadm1
CHL7,gadm1
CHL8,gadm1
CHL9,gadm1
CHL10,gadm1
CHL11,gadm1
CHL12,gadm1
CHL13,gadm1
CHL14,gadm1
CHL15,gadm1
COL1,gadm1
COL2,gadm1
COL3,gadm1
COL4,gadm1
COL5,gadm1
COL6,gadm1
COL7,gadm1
COL8,gadm1
COL9,gadm1
COL10,gadm1
COL11,gadm1
COL12,gadm1
COL13,gadm1
COL14,gadm1
COL15,gadm1
COL16,gadm1
COL17,gadm1
COL18,gadm1
COL19,gadm1
COL20,gadm1
COL21,gadm1
COL22,gadm1
COL23,gadm1
COL24,gadm1
COL25,gadm1
COL26,gadm1
COL27,gadm1
COL28,gadm1
COL29,gadm1
COL30,gadm1
COL31,gadm1
COL32,gadm1
CRI1,gadm1
CRI2,gadm1
CRI3,gadm1
CRI4,gadm1
CRI5,gadm1
CRI6,gadm1
CRI7,gadm1
CIV1,gadm1
CIV2,gadm1
CIV3,gadm1
CIV4,gadm1
CIV5,gadm1
CIV6,gadm1
CIV7,gadm1
CIV8,gadm1
CIV9,gadm1
CIV10,gadm1
CIV11,gadm1
CIV12,gadm1
CIV13,gadm1
CIV14,gadm1
COD1,gadm1
COD2,gadm1
COD3,gadm1
COD4,gadm1
COD5,gadm1
COD6,gadm1
COD7,gadm1
COD8,gadm1
COD9,gadm1
DOM1,gadm1
DOM2,gadm1
DOM3,gadm1
DOM4,gadm1
DOM5,gadm1
DOM6,gadm1
DOM7,gadm1
DOM8,gadm1
DOM9,gadm1
DOM10,gadm1
DOM11,gadm1
DOM12,gadm1
DOM13,gadm1
DOM14,gadm1
DOM15,gadm1
DOM16,gadm1
DOM17,gadm1
DOM18,gadm1
DOM19,gadm1
DOM20,gadm1
DOM21,gadm1
DOM22,gadm1
DOM23,gadm1
DOM24,gadm1
DOM25,gadm1
DOM26,gadm1
DOM27,gadm1
DOM28,gadm1
DOM29,gadm1
DOM30,gadm1
DOM31,gadm1
DOM32,gadm1
ECU1,gadm1
ECU2,gadm1
ECU3,gadm1
ECU4,gadm1
ECU5,gadm1
ECU6,gadm1
ECU7,gadm1
ECU8,gadm1
ECU9,gadm1
ECU10,gadm1
ECU11,gadm1
ECU12,gadm1
ECU13,gadm1
ECU14,gadm1
ECU15,gadm1
ECU16,gadm1
ECU17,gadm1
ECU18,gadm1
ECU19,gadm1
ECU20,gadm1
ECU21,gadm1
ECU22,gadm1
ECU23,gadm1
ECU24,gadm1
EGY1,gadm1
EGY2,gadm1
EGY3,gadm1
EGY4,gadm1
EGY5,gadm1
EGY6,gadm1
EGY7,gadm1
EGY8,gadm1
EGY9,gadm1
EGY10,gadm1
EGY11,gadm1
EGY12,gadm1
EGY13,gadm1
EGY14,gadm1
EGY15,gadm1
EGY16,gadm1
EGY17,gadm1
EGY18,gadm1
EGY19,gadm1
EGY20,gadm1
EGY21,gadm1
EGY22,gadm1
EGY23,gadm1
EGY24,gadm1
EGY25,gadm1
EGY26,gadm1
EGY27,gadm1
SLV1,gadm1
SLV2,gadm1
SLV3,gadm1
SLV4,gadm1
SLV5,gadm1
SLV6,gadm1
SLV7,gadm1
SLV8,gadm1
SLV9,gadm1
SLV10,gadm1
SLV11,gadm1
SLV12,gadm1
SLV13,gadm1
SLV14,gadm1
GNQ2,gadm1
GNQ3,gadm1
GNQ4,gadm1
GNQ5,gadm1
GNQ6,gadm1
GNQ7,gadm1
ERI1,gadm1
ERI2,gadm1
ERI3,gadm1
ERI4,gadm1
ERI5,gadm1
ERI6,gadm1
ETH1,gadm1
ETH2,gadm1
ETH3,gadm1
ETH4,gadm1
ETH5,gadm1
ETH6,gadm1
ETH7,gadm1
ETH8,gadm1
ETH9,gadm1
ETH10,gadm1
ETH11,gadm1
GAB1,gadm1
GAB2,gadm1
GAB3,gadm1
GAB4,gadm1
GAB5,gadm1
GAB6,gadm1
GAB7,gadm1
GAB8,gadm1
GAB9,gadm1
GMB1,gadm1
GMB2,gadm1
GMB3,gadm1
GMB4,gadm1
GMB5,gadm1
GMB6,gadm1
GEO1,gadm1
GEO2,gadm1
GEO3,gadm1
GEO4,gadm1
GEO5,gadm1
GEO6,gadm1
GEO7,gadm1
GEO8,gadm1
GEO9,gadm1
GEO10,gadm1
GEO11,gadm1
GEO12,gadm1
GHA1,gadm1
GHA2,gadm1
GHA3,gadm1
GHA4,gadm1
GHA5,gadm1
GHA6,gadm1
GHA7,gadm1
GHA8,gadm1
GHA9,gadm1
GHA10,gadm1
GTM1,gadm1
GTM2,gadm1
GTM3,gadm1
GTM4,gadm1
GTM5,gadm1
GTM6,gadm1
GTM7,gadm1
GTM8,gadm1
GTM9,gadm1
GTM10,gadm1
GTM11,gadm1
GTM12,gadm1
GTM13,gadm1
GTM14,gadm1
GTM15,gadm1
GTM16,gadm1
GTM17,gadm1
GTM18,gadm1
GTM19,gadm1
GTM20,gadm1
GTM21,gadm1
GTM22,gadm1
GNB1,gadm1
GNB2,gadm1
GNB3,gadm1
GNB4,gadm1
GNB5,gadm1
GNB6,gadm1
GNB7,gadm1
GNB8,gadm1
GNB9,gadm1
GIN1,gadm1
GIN2,gadm1
GIN3,gadm1
GIN4,gadm1
GIN5,gadm1
GIN6,gadm1
GIN7,gadm1
GIN8,gadm1
HTI1,gadm1
HTI2,gadm1
HTI3,gadm1
HTI4,gadm1
HTI5,gadm1
HTI6,gadm1
HTI7,gadm1
HTI8,gadm1
HTI9,gadm1
HTI10,gadm1
HND1,gadm1
HND2,gadm1
HND3,gadm1
HND4,gadm1
HND5,gadm1
HND6,gadm1
HND7,gadm1
HND8,gadm1
HND9,gadm1
HND10,gadm1
HND11,gadm1
HND12,gadm1
HND13,gadm1
HND14,gadm1
HND15,gadm1
HND16,gadm1
HND17,gadm1
HND18,gadm1
HKG1,gadm1
HKG2,gadm1
HKG3,gadm1
HKG4,gadm1
HKG5,gadm1
HKG6,gadm1
HKG7,gadm1
HKG8,gadm1
HKG9,gadm1
HKG10,gadm1
HKG11,gadm1
HKG12,gadm1
HKG13,gadm1
HKG14,gadm1
HKG15,gadm1
HKG16,gadm1
HKG17,gadm1
HKG18,gadm1
IND1,gadm1
IND2,gadm1
IND3,gadm1
IND4,gadm1
IND5,gadm1
IND6,gadm1
IND7,gadm1
IND8,gadm1
IND9,gadm1
IND10,gadm1
IND11,gadm1
IND12,gadm1
IND13,gadm1
IND15,gadm1
IND16,gadm1
IND17,gadm1
IND18,gadm1
IND19,gadm1
IND20,gadm1
IND21,gadm1
IND22,gadm1
IND23,gadm1
IND24,gadm1
IND25,gadm1
IND26,gadm1
IND27,gadm1
IND28,gadm1
IND29,gadm1
IND30,gadm1
IND31,gadm1
IND32,gadm1
IND33,gadm1
IND34,gadm1
IND35,gadm1
IND36,gadm1
IDN1,gadm1
IDN2,gadm1
IDN3,gadm1
IDN4,gadm1
IDN5,gadm1
IDN6,gadm1
IDN7,gadm1
IDN8,gadm1
IDN9,gadm1
IDN10,gadm1
IDN11,gadm1
IDN12,gadm1
IDN13,gadm1
IDN14,gadm1
IDN15,gadm1
IDN16,gadm1
IDN17,gadm1
IDN18,gadm1
IDN19,gadm1
IDN20,gadm1
IDN21,gadm1
IDN22,gadm1
IDN23,gadm1
IDN24,gadm1
IDN25,gadm1
IDN26,gadm1
IDN27,gadm1
IDN28,gadm1
IDN29,gadm1
IDN30,gadm1
IDN31,gadm1
IDN32,gadm1
IDN33,gadm1
IDN34,gadm1
JAM1,gadm1
JAM2,gadm1
JAM3,gadm1
JAM4,gadm1
JAM5,gadm1
JAM6,gadm1
JAM7,gadm1
JAM8,gadm1
JAM9,gadm1
JAM10,gadm1
JAM11,gadm1
JAM12,gadm1
JAM13,gadm1
JAM14,gadm1
JPN1,gadm1
JPN2,gadm1
JPN3,gadm1
JPN4,gadm1
JPN5,gadm1
JPN6,gadm1
JPN7,gadm1
JPN8,gadm1
JPN9,gadm1
JPN10,gadm1
JPN11,gadm1
JPN12,gadm1
JPN13,gadm1
JPN14,gadm1
JPN15,gadm1
JPN16,gadm1
JPN17,gadm1
JPN18,gadm1
JPN19,gadm1
JPN20,gadm1
JPN21,gadm1
JPN22,gadm1
JPN23,gadm1
JPN24,gadm1
JPN25,gadm1
JPN26,gadm1
JPN27,gadm1
JPN28,gadm1
JPN29,gadm1
JPN30,gadm1
JPN31,gadm1
JPN32,gadm1
JPN33,gadm1
JPN34,gadm1
JPN35,gadm1
JPN36,gadm1
JPN37,gadm1
JPN38,gadm1
JPN39,gadm1
JPN40,gadm1
JPN41,gadm1
JPN42,gadm1
JPN43,gadm1
JPN44,gadm1
JPN45,gadm1
JPN46,gadm1
JPN47,gadm1
JOR1,gadm1
JOR2,gadm1
JOR3,gadm1
JOR4,gadm1
JOR5,gadm1
JOR6,gadm1
JOR7,gadm1
JOR8,gadm1
JOR9,gadm1
JOR10,gadm1
JOR11,gadm1
JOR12,gadm1
KAZ1,gadm1
KAZ2,gadm1
KAZ3,gadm1
KAZ4,gadm1
KAZ5,gadm1
KAZ6,gadm1
KAZ7,gadm1
KAZ8,gadm1
KAZ9,gadm1
KAZ10,gadm1
KAZ11,gadm1
KAZ12,gadm1
KAZ13,gadm1
KAZ14,gadm1
KEN1,gadm1
KEN2,gadm1
KEN3,gadm1
KEN4,gadm1
KEN5,gadm1
KEN6,gadm1
KEN7,gadm1
KEN8,gadm1
KEN9,gadm1
KEN10,gadm1
KEN11,gadm1
KEN12,gadm1
KEN13,gadm1
KEN14,gadm1
KEN15,gadm1
KEN16,gadm1
KEN17,gadm1
KEN18,gadm1
KEN19,gadm1
KEN20,gadm1
KEN21,gadm1
KEN22,gadm1
KEN23,gadm1
KEN24,gadm1
KEN25,gadm1
KEN26,gadm1
KEN27,gadm1
KEN28,gadm1
KEN29,gadm1
KEN30,gadm1
KEN31,gadm1
KEN32,gadm1
KEN33,gadm1
KEN34,gadm1
KEN35,gadm1
KEN36,gadm1
KEN37,gadm1
KEN38,gadm1
KEN39,gadm1
KEN40,gadm1
KEN41,gadm1
KEN42,gadm1
KEN43,gadm1
KEN44,gadm1
KEN45,gadm1
KEN46,gadm1
KEN47,gadm1
XKO1,gadm1
XKO2,gadm1
XKO3,gadm1
XKO4,gadm1
XKO5,gadm1
XKO6,gadm1
XKO7,gadm1
KWT1,gadm1
KWT2,gadm1
KWT3,gadm1
KWT4,gadm1
KWT5,gadm1
KWT6,gadm1
KGZ1,gadm1
KGZ2,gadm1
KGZ3,gadm1
KGZ4,gadm1
KGZ5,gadm1
KGZ6,gadm1
KGZ7,gadm1
KGZ8,gadm1
KGZ9,gadm1
LAO1,gadm1
LAO2,gadm1
LAO3,gadm1
LAO4,gadm1
LAO5,gadm1
LAO6,gadm1
LAO7,gadm1
LAO8,gadm1
LAO9,gadm1
LAO10,gadm1
LAO11,gadm1
LAO12,gadm1
LAO13,gadm1
LAO14,gadm1
LAO15,gadm1
LAO16,gadm1
LAO17,gadm1
LAO18,gadm1
LBN1,gadm1
LBN2,gadm1
LBN3,gadm1
LBN4,gadm1
LBN5,gadm1
LBN6,gadm1
LBN7,gadm1
LBN8,gadm1
LSO1,gadm1
LSO2,gadm1
LSO3,gadm1
LSO4,gadm1
LSO5,gadm1
LSO6,gadm1
LSO7,gadm1
LSO8,gadm1
LSO9,gadm1
LSO10,gadm1
LBR1,gadm1
LBR2,gadm1
LBR3,gadm1
LBR4,gadm1
LBR5,gadm1
LBR6,gadm1
LBR7,gadm1
LBR8,gadm1
LBR9,gadm1
LBR10,gadm1
LBR11,gadm1
LBR12,gadm1
LBR13,gadm1
LBR14,gadm1
LBR15,gadm1
LBY1,gadm1
LBY2,gadm1
LBY3,gadm1
LBY4,gadm1
LBY5,gadm1
LBY6,gadm1
LBY7,gadm1
LBY8,gadm1
LBY9,gadm1
LBY10,gadm1
LBY11,gadm1
LBY12,gadm1
LBY13,gadm1
LBY14,gadm1
LBY15,gadm1
LBY16,gadm1
LBY17,gadm1
LBY18,gadm1
LBY19,gadm1
LBY20,gadm1
LBY21,gadm1
LBY22,gadm1
MDG1,gadm1
MDG2,gadm1
MDG3,gadm1
MDG4,gadm1
MDG5,gadm1
MDG6,gadm1
MWI1,gadm1
MWI2,gadm1
MWI3,gadm1
MWI4,gadm1
MWI5,gadm1
MWI6,gadm1
MWI7,gadm1
MWI8,gadm1
MWI9,gadm1
MWI10,gadm1
MWI11,gadm1
MWI12,gadm1
MWI13,gadm1
MWI14,gadm1
MWI15,gadm1
MWI16,gadm1
MWI17,gadm1
MWI18,gadm1
MWI19,gadm1
MWI20,gadm1
MWI21,gadm1
MWI22,gadm1
MWI23,gadm1
MWI24,gadm1
MWI25,gadm1
MWI26,gadm1
MWI27,gadm1
MWI28,gadm1
MYS1,gadm1
MYS2,gadm1
MYS3,gadm1
MYS4,gadm1
MYS5,gadm1
MYS6,gadm1
MYS7,gadm1
MYS8,gadm1
MYS9,gadm1
MYS10,gadm1
MYS11,gadm1
MYS12,gadm1
MYS13,gadm1
MYS14,gadm1
MYS15,gadm1
MYS16,gadm1
MLI1,gadm1
MLI2,gadm1
MLI3,gadm1
MLI4,gadm1
MLI5,gadm1
MLI6,gadm1
MLI7,gadm1
MLI8,gadm1
MLI9,gadm1
MRT1,gadm1
MRT2,gadm1
MRT3,gadm1
MRT4,gadm1
MRT5,gadm1
MRT6,gadm1
MRT7,gadm1
MRT8,gadm1
MRT9,gadm1
MRT10,gadm1
MRT11,gadm1
MRT12,gadm1
MRT13,gadm1
MUS2,gadm1
MUS3,gadm1
MUS4,gadm1
MUS5,gadm1
MUS6,gadm1
MUS7,gadm1
MUS8,gadm1
MUS9,gadm1
MUS10,gadm1
MUS12,gadm1
MEX1,gadm1
MEX2,gadm1
MEX3,gadm1
MEX4,gadm1
MEX5,gadm1
MEX6,gadm1
MEX7,gadm1
MEX8,gadm1
MEX9,gadm1
MEX10,gadm1
MEX11,gadm1
MEX12,gadm1
MEX13,gadm1
MEX14,gadm1
MEX15,gadm1
MEX16,gadm1
MEX17,gadm1
MEX18,gadm1
MEX19,gadm1
MEX20,gadm1
MEX21,gadm1
MEX22,gadm1
MEX23,gadm1
MEX24,gadm1
MEX25,gadm1
MEX26,gadm1
MEX27,gadm1
MEX28,gadm1
MEX29,gadm1
MEX30,gadm1
MEX31,gadm1
MEX32,gadm1
MDA1,gadm1
MDA2,gadm1
MDA3,gadm1
MDA4,gadm1
MDA5,gadm1
MDA6,gadm1
MDA7,gadm1
MDA8,gadm1
MDA9,gadm1
MDA10,gadm1
MDA11,gadm1
MDA12,gadm1
MDA13,gadm1
MDA14,gadm1
MDA15,gadm1
MDA16,gadm1
MDA17,gadm1
MDA18,gadm1
MDA19,gadm1
MDA20,gadm1
MDA21,gadm1
MDA22,gadm1
MDA23,gadm1
MDA24,gadm1
MDA25,gadm1
MDA26,gadm1
MDA27,gadm1
MDA28,gadm1
MDA29,gadm1
MDA30,gadm1
MDA31,gadm1
MDA32,gadm1
MDA33,gadm1
MDA34,gadm1
MDA35,gadm1
MDA36,gadm1
MDA37,gadm1
MNG1,gadm1
MNG2,gadm1
MNG3,gadm1
MNG4,gadm1
MNG5,gadm1
MNG6,gadm1
MNG7,gadm1
MNG8,gadm1
MNG9,gadm1
MNG10,gadm1
MNG11,gadm1
MNG12,gadm1
MNG13,gadm1
MNG14,gadm1
MNG15,gadm1
MNG16,gadm1
MNG17,gadm1
MNG18,gadm1
MNG19,gadm1
MNG20,gadm1
MNG21,gadm1
MNG22,gadm1
MAR1,gadm1
MAR2,gadm1
MAR3,gadm1
MAR4,gadm1
MAR5,gadm1
MAR6,gadm1
MAR7,gadm1
MAR8,gadm1
MAR9,gadm1
MAR10,gadm1
MAR11,gadm1
MAR12,gadm1
MAR13,gadm1
MAR14,gadm1
MAR15,gadm1
MOZ1,gadm1
MOZ2,gadm1
MOZ3,gadm1
MOZ4,gadm1
MOZ5,gadm1
MOZ6,gadm1
MOZ7,gadm1
MOZ8,gadm1
MOZ9,gadm1
MOZ10,gadm1
MOZ11,gadm1
MMR1,gadm1
MMR2,gadm1
MMR3,gadm1
MMR4,gadm1
MMR5,gadm1
MMR6,gadm1
MMR7,gadm1
MMR8,gadm1
MMR9,gadm1
MMR10,gadm1
MMR11,gadm1
MMR12,gadm1
MMR13,gadm1
MMR14,gadm1
MMR15,gadm1
NAM1,gadm1
NAM2,gadm1
NAM3,gadm1
NAM4,gadm1
NAM5,gadm1
NAM6,gadm1
NAM7,gadm1
NAM8,gadm1
NAM9,gadm1
NAM10,gadm1
NAM11,gadm1
NAM12,gadm1
NAM13,gadm1
NPL1,gadm1
NPL2,gadm1
NPL3,gadm1
NPL4,gadm1
NPL5,gadm1
NZL1,gadm1
NZL2,gadm1
NZL3,gadm1
NZL4,gadm1
NZL5,gadm1
NZL6,gadm1
NZL7,gadm1
NZL8,gadm1
NZL9,gadm1
NZL10,gadm1
NZL11,gadm1
NZL12,gadm1
NZL13,gadm1
NZL14,gadm1
NZL15,gadm1
NZL16,gadm1
NIC1,gadm1
NIC2,gadm1
NIC3,gadm1
NIC4,gadm1
NIC5,gadm1
NIC6,gadm1
NIC7,gadm1
NIC8,gadm1
NIC9,gadm1
NIC10,gadm1
NIC11,gadm1
NIC12,gadm1
NIC13,gadm1
NIC14,gadm1
NIC15,gadm1
NIC16,gadm1
NIC17,gadm1
NIC18,gadm1
NER1,gadm1
NER2,gadm1
NER3,gadm1
NER4,gadm1
NER5,gadm1
NER6,gadm1
NER7,gadm1
NER8,gadm1
NGA1,gadm1
NGA2,gadm1
NGA3,gadm1
NGA4,gadm1
NGA5,gadm1
NGA6,gadm1
NGA7,gadm1
NGA8,gadm1
NGA9,gadm1
NGA10,gadm1
NGA11,gadm1
NGA12,gadm1
NGA13,gadm1
NGA14,gadm1
NGA15,gadm1
NGA16,gadm1
NGA17,gadm1
NGA18,gadm1
NGA19,gadm1
NGA20,gadm1
NGA21,gadm1
NGA22,gadm1
NGA23,gadm1
NGA24,gadm1
NGA25,gadm1
NGA26,gadm1
NGA27,gadm1
NGA28,gadm1
NGA29,gadm1
NGA30,gadm1
NGA31,gadm1
NGA32,gadm1
NGA33,gadm1
NGA34,gadm1
NGA35,gadm1
NGA36,gadm1
NGA37,gadm1
OMN1,gadm1
OMN2,gadm1
OMN3,gadm1
OMN4,gadm1
OMN5,gadm1
OMN6,gadm1
OMN7,gadm1
OMN8,gadm1
OMN9,gadm1
OMN10,gadm1
OMN11,gadm1
PAK1,gadm1
PAK2,gadm1
PAK3,gadm1
PAK4,gadm1
PAK5,gadm1
PAK6,gadm1
PAK7,gadm1
PAK8,gadm1
PAN1,gadm1
PAN2,gadm1
PAN3,gadm1
PAN4,gadm1
PAN5,gadm1
PAN6,gadm1
PAN7,gadm1
PAN8,gadm1
PAN9,gadm1
PAN10,gadm1
PAN11,gadm1
PAN12,gadm1
PAN13,gadm1
PNG1,gadm1
PNG2,gadm1
PNG3,gadm1
PNG4,gadm1
PNG5,gadm1
PNG6,gadm1
PNG7,gadm1
PNG8,gadm1
PNG9,gadm1
PNG10,gadm1
PNG11,gadm1
PNG12,gadm1
PNG13,gadm1
PNG14,gadm1
PNG15,gadm1
PNG16,gadm1
PNG17,gadm1
PNG18,gadm1
PNG19,gadm1
PNG20,gadm1
PNG21,gadm1
PNG22,gadm1
PRY1,gadm1
PRY2,gadm1
PRY3,gadm1
PRY4,gadm1
PRY5,gadm1
PRY6,gadm1
PRY7,gadm1
PRY8,gadm1
PRY9,gadm1
PRY10,gadm1
PRY11,gadm1
PRY12,gadm1
PRY13,gadm1
PRY14,gadm1
PRY15,gadm1
PRY16,gadm1
PRY17,gadm1
PRY18,gadm1
PER1,gadm1
PER2,gadm1
PER3,gadm1
PER4,gadm1
PER5,gadm1
PER6,gadm1
PER7,gadm1
PER8,gadm1
PER9,gadm1
PER10,gadm1
PER11,gadm1
PER12,gadm1
PER13,gadm1
PER14,gadm1
PER15,gadm1
PER16,gadm1
PER17,gadm1
PER18,gadm1
PER19,gadm1
PER20,gadm1
PER21,gadm1
PER22,gadm1
PER23,gadm1
PER24,gadm1
PER25,gadm1
PER26,gadm1
PHL1,gadm1
PHL2,gadm1
PHL3,gadm1
PHL4,gadm1
PHL5,gadm1
PHL6,gadm1
PHL7,gadm1
PHL8,gadm1
PHL9,gadm1
PHL10,gadm1
PHL11,gadm1
PHL12,gadm1
PHL13,gadm1
PHL14,gadm1
PHL15,gadm1
PHL16,gadm1
PHL17,gadm1
PHL18,gadm1
PHL19,gadm1
PHL20,gadm1
PHL21,gadm1
PHL22,gadm1
PHL23,gadm1
PHL24,gadm1
PHL25,gadm1
PHL26,gadm1
PHL27,gadm1
PHL28,gadm1
PHL29,gadm1
PHL30,gadm1
PHL31,gadm1
PHL32,gadm1
PHL33,gadm1
PHL34,gadm1
PHL35,gadm1
PHL36,gadm1
PHL37,gadm1
PHL38,gadm1
PHL39,gadm1
PHL40,gadm1
PHL41,gadm1
PHL42,gadm1
PHL43,gadm1
PHL44,gadm1
PHL45,gadm1
PHL46,gadm1
PHL47,gadm1
PHL48,gadm1
PHL49,gadm1
PHL50,gadm1
PHL51,gadm1
PHL52,gadm1
PHL53,gadm1
PHL54,gadm1
PHL55,gadm1
PHL56,gadm1
PHL57,gadm1
PHL58,gadm1
PHL59,gadm1
PHL60,gadm1
PHL61,gadm1
PHL62,gadm1
PHL63,gadm1
PHL64,gadm1
PHL65,gadm1
PHL66,gadm1
PHL67,gadm1
PHL68,gadm1
PHL69,gadm1
PHL70,gadm1
PHL71,gadm1
PHL72,gadm1
PHL73,gadm1
PHL74,gadm1
PHL75,gadm1
PHL76,gadm1
PHL77,gadm1
PHL78,gadm1
PHL79,gadm1
PHL80,gadm1
PHL81,gadm1
PRI1,gadm1
PRI2,gadm1
PRI3,gadm1
PRI4,gadm1
PRI5,gadm1
PRI6,gadm1
PRI7,gadm1
PRI8,gadm1
PRI9,gadm1
PRI10,gadm1
PRI11,gadm1
PRI12,gadm1
PRI13,gadm1
PRI14,gadm1
PRI15,gadm1
PRI16,gadm1
PRI17,gadm1
PRI18,gadm1
PRI19,gadm1
PRI20,gadm1
PRI21,gadm1
PRI22,gadm1
PRI23,gadm1
PRI24,gadm1
PRI25,gadm1
PRI26,gadm1
PRI27,gadm1
PRI28,gadm1
PRI29,gadm1
PRI30,gadm1
PRI31,gadm1
PRI32,gadm1
PRI33,gadm1
PRI34,gadm1
PRI35,gadm1
PRI36,gadm1
PRI37,gadm1
PRI38,gadm1
PRI39,gadm1
PRI40,gadm1
PRI41,gadm1
PRI42,gadm1
PRI43,gadm1
PRI44,gadm1
PRI45,gadm1
PRI46,gadm1
PRI47,gadm1
PRI48,gadm1
PRI49,gadm1
PRI50,gadm1
PRI51,gadm1
PRI52,gadm1
PRI53,gadm1
PRI54,gadm1
PRI55,gadm1
PRI56,gadm1
PRI57,gadm1
PRI58,gadm1
PRI59,gadm1
PRI60,gadm1
PRI61,gadm1
PRI62,gadm1
PRI63,gadm1
PRI64,gadm1
PRI65,gadm1
PRI66,gadm1
PRI67,gadm1
PRI68,gadm1
PRI69,gadm1
PRI70,gadm1
PRI71,gadm1
PRI72,gadm1
PRI73,gadm1
PRI74,gadm1
PRI75,gadm1
PRI76,gadm1
PRI77,gadm1
PRI78,gadm1
QAT1,gadm1
QAT2,gadm1
QAT3,gadm1
QAT4,gadm1
QAT5,gadm1
QAT6,gadm1
QAT7,gadm1
COG1,gadm1
COG2,gadm1
COG3,gadm1
COG4,gadm1
COG5,gadm1
COG6,gadm1
COG7,gadm1
COG8,gadm1
COG9,gadm1
COG10,gadm1
COG11,gadm1
COG12,gadm1
RWA1,gadm1
RWA2,gadm1
RWA3,gadm1
RWA4,gadm1
RWA5,gadm1
SAU1,gadm1
SAU2,gadm1
SAU3,gadm1
SAU4,gadm1
SAU5,gadm1
SAU6,gadm1
SAU7,gadm1
SAU8,gadm1
SAU9,gadm1
SAU10,gadm1
SAU11,gadm1
SAU12,gadm1
SAU13,gadm1
SEN1,gadm1
SEN2,gadm1
SEN3,gadm1
SEN4,gadm1
SEN5,gadm1
SEN6,gadm1
SEN7,gadm1
SEN8,gadm1
SEN9,gadm1
SEN10,gadm1
SEN11,gadm1
SEN12,gadm1
SEN13,gadm1
SEN14,gadm1
SLE1,gadm1
SLE2,gadm1
SLE3,gadm1
SLE4,gadm1
SGP1,gadm1
SGP2,gadm1
SGP3,gadm1
SGP4,gadm1
SGP5,gadm1
ZAF1,gadm1
ZAF2,gadm1
ZAF3,gadm1
ZAF4,gadm1
ZAF5,gadm1
ZAF6,gadm1
ZAF7,gadm1
ZAF8,gadm1
ZAF9,gadm1
KOR1,gadm1
KOR2,gadm1
KOR3,gadm1
KOR4,gadm1
KOR5,gadm1
KOR6,gadm1
KOR7,gadm1
KOR8,gadm1
KOR9,gadm1
KOR10,gadm1
KOR11,gadm1
KOR12,gadm1
KOR13,gadm1
KOR14,gadm1
KOR15,gadm1
KOR16,gadm1
KOR17,gadm1
LKA1,gadm1
LKA2,gadm1
LKA3,gadm1
LKA4,gadm1
LKA5,gadm1
LKA6,gadm1
LKA7,gadm1
LKA8,gadm1
LKA9,gadm1
LKA10,gadm1
LKA11,gadm1
LKA12,gadm1
LKA13,gadm1
LKA14,gadm1
LKA15,gadm1
LKA16,gadm1
LKA17,gadm1
LKA18,gadm1
LKA19,gadm1
LKA20,gadm1
LKA21,gadm1
LKA22,gadm1
LKA23,gadm1
LKA24,gadm1
LKA25,gadm1
SWZ1,gadm1
SWZ2,gadm1
SWZ3,gadm1
SWZ4,gadm1
TWN1,gadm1
TWN2,gadm1
TWN3,gadm1
TWN4,gadm1
TWN5,gadm1
TWN6,gadm1
TWN7,gadm1
TJK1,gadm1
TJK2,gadm1
TJK3,gadm1
TJK4,gadm1
TJK5,gadm1
TZA1,gadm1
TZA2,gadm1
TZA3,gadm1
TZA4,gadm1
TZA5,gadm1
TZA6,gadm1
TZA7,gadm1
TZA8,gadm1
TZA9,gadm1
TZA10,gadm1
TZA11,gadm1
TZA12,gadm1
TZA13,gadm1
TZA14,gadm1
TZA15,gadm1
TZA16,gadm1
TZA17,gadm1
TZA18,gadm1
TZA19,gadm1
TZA20,gadm1
TZA21,gadm1
TZA22,gadm1
TZA23,gadm1
TZA24,gadm1
TZA25,gadm1
TZA26,gadm1
TZA27,gadm1
TZA28,gadm1
TZA29,gadm1
TZA30,gadm1
THA1,gadm1
THA2,gadm1
THA3,gadm1
THA4,gadm1
THA5,gadm1
THA6,gadm1
THA7,gadm1
THA8,gadm1
THA9,gadm1
THA10,gadm1
THA11,gadm1
THA12,gadm1
THA13,gadm1
THA14,gadm1
THA15,gadm1
THA16,gadm1
THA17,gadm1
THA18,gadm1
THA19,gadm1
THA20,gadm1
THA21,gadm1
THA22,gadm1
THA23,gadm1
THA24,gadm1
THA25,gadm1
THA26,gadm1
THA27,gadm1
THA28,gadm1
THA29,gadm1
THA30,gadm1
THA31,gadm1
THA32,gadm1
THA33,gadm1
THA34,gadm1
THA35,gadm1
THA36,gadm1
THA37,gadm1
THA38,gadm1
THA39,gadm1
THA40,gadm1
THA41,gadm1
THA42,gadm1
THA43,gadm1
THA44,gadm1
THA45,gadm1
THA46,gadm1
THA47,gadm1
THA48,gadm1
THA49,gadm1
THA50,gadm1
THA51,gadm1
THA52,gadm1
THA53,gadm1
THA54,gadm1
THA55,gadm1
THA56,gadm1
THA57,gadm1
THA58,gadm1
THA59,gadm1
THA60,gadm1
THA61,gadm1
THA62,gadm1
THA63,gadm1
THA64,gadm1
THA65,gadm1
THA66,gadm1
THA67,gadm1
THA68,gadm1
THA69,gadm1
THA70,gadm1
THA71,gadm1
THA72,gadm1
THA73,gadm1
THA74,gadm1
THA75,gadm1
THA76,gadm1
THA77,gadm1
TLS1,gadm1
TLS2,gadm1
TLS3,gadm1
TLS4,gadm1
TLS5,gadm1
TLS6,gadm1
TLS7,gadm1
TLS8,gadm1
TLS9,gadm1
TLS10,gadm1
TLS11,gadm1
TLS12,gadm1
TLS13,gadm1
TGO1,gadm1
TGO2,gadm1
TGO3,gadm1
TGO4,gadm1
TGO5,gadm1
TTO1,gadm1
TTO2,gadm1
TTO3,gadm1
TTO4,gadm1
TTO5,gadm1
TTO6,gadm1
TTO7,gadm1
TTO8,gadm1
TTO9,gadm1
TTO10,gadm1
TTO11,gadm1
TTO12,gadm1
TTO13,gadm1
TTO14,gadm1
TTO15,gadm1
TUN1,gadm1
TUN2,gadm1
TUN3,gadm1
TUN4,gadm1
TUN5,gadm1
TUN6,gadm1
TUN7,gadm1
TUN8,gadm1
TUN9,gadm1
TUN10,gadm1
TUN11,gadm1
TUN12,gadm1
TUN13,gadm1
TUN14,gadm1
TUN15,gadm1
TUN16,gadm1
TUN17,gadm1
TUN18,gadm1
TUN19,gadm1
TUN20,gadm1
TUN21,gadm1
TUN22,gadm1
TUN23,gadm1
TUN24,gadm1
TKM1,gadm1
TKM2,gadm1
TKM3,gadm1
TKM4,gadm1
TKM5,gadm1
TKM6,gadm1
UGA1,gadm1
UGA2,gadm1
UGA3,gadm1
UGA4,gadm1
UGA5,gadm1
UGA6,gadm1
UGA7,gadm1
UGA8,gadm1
UGA9,gadm1
UGA10,gadm1
UGA11,gadm1
UGA12,gadm1
UGA13,gadm1
UGA14,gadm1
UGA15,gadm1
UGA16,gadm1
UGA17,gadm1
UGA18,gadm1
UGA19,gadm1
UGA20,gadm1
UGA21,gadm1
UGA22,gadm1
UGA23,gadm1
UGA24,gadm1
UGA25,gadm1
UGA26,gadm1
UGA27,gadm1
UGA28,gadm1
UGA29,gadm1
UGA30,gadm1
UGA31,gadm1
UGA32,gadm1
UGA33,gadm1
UGA34,gadm1
UGA35,gadm1
UGA36,gadm1
UGA37,gadm1
UGA38,gadm1
UGA39,gadm1
UGA40,gadm1
UGA41,gadm1
UGA42,gadm1
UGA43,gadm1
UGA44,gadm1
UGA45,gadm1
UGA46,gadm1
UGA47,gadm1
UGA48,gadm1
UGA49,gadm1
UGA50,gadm1
UGA51,gadm1
UGA52,gadm1
UGA53,gadm1
UGA54,gadm1
UGA55,gadm1
UGA56,gadm1
UGA57,gadm1
UGA58,gadm1
UKR1,gadm1
UKR2,gadm1
UKR3,gadm1
UKR5,gadm1
UKR7,gadm1
UKR8,gadm1
UKR9,gadm1
UKR10,gadm1
UKR11,gadm1
UKR12,gadm1
UKR13,gadm1
UKR14,gadm1
UKR16,gadm1
UKR17,gadm1
UKR18,gadm1
UKR19,gadm1
UKR21,gadm1
UKR22,gadm1
UKR23,gadm1
UKR24,gadm1
UKR25,gadm1
UKR26,gadm1
UKR27,gadm1
ARE1,gadm1
ARE2,gadm1
ARE3,gadm1
ARE4,gadm1
ARE5,gadm1
ARE6,gadm1
ARE7,gadm1
ARE8,gadm1
USA1,gadm1
USA2,gadm1
USA3,gadm1
USA4,gadm1
USA5,gadm1
USA6,gadm1
USA7,gadm1
USA8,gadm1
USA9,gadm1
USA10,gadm1
USA11,gadm1
USA12,gadm1
USA13,gadm1
USA14,gadm1
USA15,gadm1
USA16,gadm1
USA17,gadm1
USA18,gadm1
USA19,gadm1
USA20,gadm1
USA21,gadm1
USA22,gadm1
USA23,gadm1
USA24,gadm1
USA25,gadm1
USA26,gadm1
USA27,gadm1
USA28,gadm1
USA29,gadm1
USA30,gadm1
USA31,gadm1
USA32,gadm1
USA33,gadm1
USA34,gadm1
USA35,gadm1
USA36,gadm1
USA37,gadm1
USA38,gadm1
USA39,gadm1
USA40,gadm1
USA41,gadm1
USA42,gadm1
USA43,gadm1
USA44,gadm1
USA45,gadm1
USA46,gadm1
USA47,gadm1
USA48,gadm1
USA49,gadm1
USA50,gadm1
USA51,gadm1
URY1,gadm1
URY2,gadm1
URY3,gadm1
URY4,gadm1
URY5,gadm1
URY6,gadm1
URY7,gadm1
URY8,gadm1
URY9,gadm1
URY10,gadm1
URY11,gadm1
URY12,gadm1
URY13,gadm1
URY14,gadm1
URY15,gadm1
URY16,gadm1
URY17,gadm1
URY18,gadm1
URY19,gadm1
UZB1,gadm1
UZB2,gadm1
UZB3,gadm1
UZB4,gadm1
UZB5,gadm1
UZB6,gadm1
UZB7,gadm1
UZB8,gadm1
UZB9,gadm1
UZB10,gadm1
UZB11,gadm1
UZB12,gadm1
UZB13,gadm1
UZB14,gadm1
VNM1,gadm1
VNM2,gadm1
VNM3,gadm1
VNM4,gadm1
VNM5,gadm1
VNM6,gadm1
VNM7,gadm1
VNM8,gadm1
VNM9,gadm1
VNM10,gadm1
VNM11,gadm1
VNM12,gadm1
VNM13,gadm1
VNM14,gadm1
VNM15,gadm1
VNM16,gadm1
VNM17,gadm1
VNM18,gadm1
VNM19,gadm1
VNM20,gadm1
VNM21,gadm1
VNM22,gadm1
VNM23,gadm1
VNM24,gadm1
VNM25,gadm1
VNM26,gadm1
VNM27,gadm1
VNM28,gadm1
VNM29,gadm1
VNM30,gadm1
VNM31,gadm1
VNM32,gadm1
VNM33,gadm1
VNM34,gadm1
VNM35,gadm1
VNM36,gadm1
VNM37,gadm1
VNM38,gadm1
VNM39,gadm1
VNM40,gadm1
VNM41,gadm1
VNM42,gadm1
VNM43,gadm1
VNM44,gadm1
VNM45,gadm1
VNM46,gadm1
VNM47,gadm1
VNM48,gadm1
VNM49,gadm1
VNM50,gadm1
VNM51,gadm1
VNM52,gadm1
VNM53,gadm1
VNM54,gadm1
VNM55,gadm1
VNM56,gadm1
VNM57,gadm1
VNM58,gadm1
VNM59,gadm1
VNM60,gadm1
VNM61,gadm1
VNM62,gadm1
VNM63,gadm1
ZMB1,gadm1
ZMB2,gadm1
ZMB3,gadm1
ZMB4,gadm1
ZMB5,gadm1
ZMB6,gadm1
ZMB7,gadm1
ZMB8,gadm1
ZMB9,gadm1
ZMB10,gadm1
ZWE1,gadm1
ZWE2,gadm1
ZWE3,gadm1
ZWE4,gadm1
ZWE5,gadm1
ZWE6,gadm1
ZWE7,gadm1
ZWE8,gadm1
ZWE9,gadm1
ZWE10,gadm1
CH02,nuts2
CH03,nuts2
AL02,nuts2
AL03,nuts2
BG33,nuts2
DE13,nuts2
CZ05,nuts2
AT32,nuts2
CH04,nuts2
CH05,nuts2
ES53,nuts2
BG34,nuts2
AT11,nuts2
BG41,nuts2
AT33,nuts2
DE14,nuts2
AT34,nuts2
BE10,nuts2
BE21,nuts2
BG42,nuts2
CZ08,nuts2
DE21,nuts2
CH06,nuts2
CZ02,nuts2
AT22,nuts2
BG32,nuts2
CH01,nuts2
BE24,nuts2
BE25,nuts2
CZ06,nuts2
CH07,nuts2
AT12,nuts2
AT13,nuts2
AT21,nuts2
BE31,nuts2
BE32,nuts2
CZ03,nuts2
CY00,nuts2
CZ01,nuts2
BE22,nuts2
BE23,nuts2
BE33,nuts2
CZ07,nuts2
ES12,nuts2
BE34,nuts2
DE11,nuts2
DE22,nuts2
BE35,nuts2
CZ04,nuts2
ES24,nuts2
ES30,nuts2
BG31,nuts2
DE12,nuts2
AL01,nuts2
AT31,nuts2
DE73,nuts2
DK04,nuts2
DE40,nuts2
DE93,nuts2
ITH3,nuts2
EL41,nuts2
EL42,nuts2
EL65,nuts2
DEB1,nuts2
EE00,nuts2
DE94,nuts2
DEB2,nuts2
DE80,nuts2
DEA3,nuts2
DK03,nuts2
DE24,nuts2
DE27,nuts2
DE71,nuts2
EL61,nuts2
DE91,nuts2
ITG1,nuts2
EL64,nuts2
DEA4,nuts2
EL30,nuts2
EL43,nuts2
DE25,nuts2
ITG2,nuts2
ITH1,nuts2
DE72,nuts2
ITH2,nuts2
EL62,nuts2
EL63,nuts2
DK05,nuts2
DE92,nuts2
EL51,nuts2
DEA5,nuts2
EL52,nuts2
DE23,nuts2
DE26,nuts2
EL53,nuts2
EL54,nuts2
FI20,nuts2
ES42,nuts2
DEA1,nuts2
ES11,nuts2
FRB0,nuts2
DEB3,nuts2
ES70,nuts2
FI19,nuts2
DED2,nuts2
FR10,nuts2
DE30,nuts2
DE50,nuts2
DE60,nuts2
ES43,nuts2
DED4,nuts2
ES13,nuts2
DEA2,nuts2
DEC0,nuts2
DEE0,nuts2
DK02,nuts2
ES21,nuts2
ES22,nuts2
DEG0,nuts2
DK01,nuts2
ES41,nuts2
DED5,nuts2
DEF0,nuts2
FI1B,nuts2
FI1C,nuts2
FI1D,nuts2
ES51,nuts2
ES23,nuts2
ES52,nuts2
ES61,nuts2
ES62,nuts2
ES63,nuts2
ES64,nuts2
FRJ1,nuts2
HR03,nuts2
HR04,nuts2
HU11,nuts2
FRI2,nuts2
FRD2,nuts2
FRI3,nuts2
ME00,nuts2
FRY4,nuts2
FRY5,nuts2
MK00,nuts2
MT00,nuts2
NO02,nuts2
NO03,nuts2
NO04,nuts2
NO05,nuts2
NO06,nuts2
NO07,nuts2
ITI1,nuts2
ITI2,nuts2
NL11,nuts2
NL12,nuts2
NL13,nuts2
ITI3,nuts2
LI00,nuts2
LT01,nuts2
NL21,nuts2
NL22,nuts2
ITI4,nuts2
NL23,nuts2
NL31,nuts2
NL32,nuts2
NL33,nuts2
NL34,nuts2
NL41,nuts2
NL42,nuts2
LT02,nuts2
NO01,nuts2
ITH4,nuts2
LU00,nuts2
LV00,nuts2
ITH5,nuts2
PL92,nuts2
RO12,nuts2
RS12,nuts2
FRD1,nuts2
PT11,nuts2
SE21,nuts2
SI04,nuts2
PL22,nuts2
PT16,nuts2
RO21,nuts2
PL51,nuts2
PL52,nuts2
PL61,nuts2
RO22,nuts2
RO11,nuts2
PL41,nuts2
PL62,nuts2
PT15,nuts2
RO31,nuts2
PL42,nuts2
PL63,nuts2
RS22,nuts2
SE11,nuts2
SE12,nuts2
PT17,nuts2
PL43,nuts2
PL71,nuts2
PT18,nuts2
PL21,nuts2
PL72,nuts2
PT20,nuts2
PT30,nuts2
PL81,nuts2
PL82,nuts2
RO32,nuts2
RS11,nuts2
RS21,nuts2
PL84,nuts2
PL91,nuts2
RO41,nuts2
RO42,nuts2
FRI1,nuts2
FRY1,nuts2
FRY2,nuts2
FRC1,nuts2
FRJ2,nuts2
HU31,nuts2
ITF1,nuts2
ITF2,nuts2
FRC2,nuts2
FRY3,nuts2
FRK1,nuts2
ITC1,nuts2
ITC2,nuts2
ITC4,nuts2
ITF3,nuts2
FRF3,nuts2
HU23,nuts2
HU12,nuts2
IE06,nuts2
IS00,nuts2
FRL0,nuts2
FRH0,nuts2
HU32,nuts2
HU33,nuts2
IE04,nuts2
IE05,nuts2
ITF4,nuts2
HU21,nuts2
FRE2,nuts2
ITF5,nuts2
ITF6,nuts2
FRF1,nuts2
HU22,nuts2
FRG0,nuts2
FRF2,nuts2
ITC3,nuts2
FRK2,nuts2
FRM0,nuts2
FRE1,nuts2
UKM7,nuts2
SK02,nuts2
UKG1,nuts2
UKH3,nuts2
UKL2,nuts2
UKM5,nuts2
UKM6,nuts2
UKM9,nuts2
SK03,nuts2
UKJ1,nuts2
UKG2,nuts2
UKL1,nuts2
UKM8,nuts2
SK04,nuts2
UKJ2,nuts2
UKH1,nuts2
UKN0,nuts2
SK01,nuts2
UKC1,nuts2
UKC2,nuts2
UKF3,nuts2
UKH2,nuts2
SE31,nuts2
UKD1,nuts2
UKD3,nuts2
UKE2,nuts2
SI03,nuts2
UKJ3,nuts2
UKK3,nuts2
SE23,nuts2
UKE3,nuts2
UKD4,nuts2
UKE4,nuts2
UKG3,nuts2
SE32,nuts2
SE33,nuts2
UKJ4,nuts2
UKK4,nuts2
UKD6,nuts2
UKD7,nuts2
UKF1,nuts2
UKK1,nuts2
UKF2,nuts2
SE22,nuts2
UKE1,nuts2
UKK2,nuts2
UKI7,nuts2
UKI3,nuts2
UKI4,nuts2
UKI5,nuts2
UKI6,nuts2
TR82,nuts2
TR83,nuts2
TR90,nuts2
TRA1,nuts2
TRA2,nuts2
TRB1,nuts2
TRB2,nuts2
TR63,nuts2
TR71,nuts2
TRC1,nuts2
TRC2,nuts2
TRC3,nuts2
TR72,nuts2
TR81,nuts2
TR33,nuts2
TR41,nuts2
TR22,nuts2
TR21,nuts2
TR61,nuts2
TR62,nuts2
TR31,nuts2
TR42,nuts2
TR51,nuts2
TR52,nuts2
TR10,nuts2
TR32,nuts2
